time,pos
1.0,0.99985
1.0005002501250626,0.9994015411471324
1.001000500250125,0.9986562462163797
1.0015007503751876,0.9976158187178354
1.0020010005002502,0.996282041984256
1.0025012506253126,0.9946567782392775
1.0030015007503752,0.9927419676466711
1.0035017508754378,0.9905396273410165
1.0040020010005002,0.9880518504401762
1.0045022511255628,0.9852808050399566
1.0050025012506254,0.9822287331913472
1.0055027513756878,0.9788979498607284
1.0060030015007504,0.9752908418734462
1.006503251625813,0.9714098668411507
1.0070035017508754,0.9672575520733032
1.007503751875938,0.9628364934732537
1.0080040020010006,0.9581493544192975
1.008504252126063,0.9531988646311209
1.0090045022511256,0.9479878190220481
1.0095047523761882,0.9425190765375027
1.0100050025012506,0.9367955589801009
1.0105052526263132,0.9308202498217947
1.0110055027513758,0.9245961930034834
1.0115057528764382,0.9181264917225194
1.0120060030015008,0.9114143072085261
1.0125062531265632,0.9044628574879567
1.0130065032516258,0.8972754161378178
1.0135067533766884,0.8898553110289851
1.0140070035017508,0.8822059230595392
1.0145072536268134,0.8743306848785517
1.015007503751876,0.8662330796007478
1.0155077538769384,0.8579166395124789
1.016008004002001,0.8493849447694346
1.0165082541270636,0.8406416220865243
1.017008504252126,0.8316903434203609
1.0175087543771886,0.8225348246447757
1.0180090045022512,0.8131788242197984
1.0185092546273136,0.8036261418545309
1.0190095047523762,0.7938806171643458
1.0195097548774388,0.7839461283228407
1.0200100050025012,0.7738265907089774
1.0205102551275638,0.763525955549834
1.0210105052526264,0.7530482085593999
1.0215107553776888,0.7423973685738378
1.0220110055027514,0.7315774861836428
1.022511255627814,0.7205926423631196
1.0230115057528764,0.7094469470976025
1.023511755877939,0.6981445380088419
1.0240120060030016,0.6866895789789753
1.024512256128064,0.6750862587735033
1.0250125062531266,0.6633387896636875
1.0255127563781892,0.6514514060487845
1.0260130065032516,0.6394283630785298
1.0265132566283142,0.6272739352762828
1.0270135067533768,0.6149924151632413
1.0275137568784392,0.6025881118841313
1.0280140070035018,0.5900653498347772
1.0285142571285644,0.5774284672919531
1.0290145072536268,0.5646818150459134
1.0295147573786894,0.551829755036
1.030015007503752,0.5388766589897162
1.0305152576288146,0.5258269070656614
1.031015507753877,0.5126848865007093
1.0315157578789396,0.4994549902618166
1.032016008004002,0.48614161570284
1.0325162581290646,0.4727491632267402
1.0330165082541272,0.4592820349535458
1.0335167583791895,0.44574463339444603
1.0340170085042522,0.43214136013238097
1.0345172586293148,0.4184766145094886
1.0350175087543771,0.40475479232176986
1.0355177588794398,0.39098028452132505
1.0360180090045024,0.37715747592651194
1.0365182591295647,0.3632907439403733
1.0370185092546274,0.34938445727767475
1.0375187593796897,0.33544297470089157
1.0380190095047523,0.3214706437654786
1.038519259629815,0.30747179957475135
1.0390195097548773,0.29345076354470356
1.03951975987994,0.27941184217908155
1.0400200100050025,0.2653593258550301
1.040520260130065,0.2512974876196208
1.0410205102551275,0.2372305819975692
1.0415207603801901,0.22316284381044127
1.0420210105052525,0.209098487007645
1.0425212606303151,0.19504170350949876
1.0430215107553775,0.18099666206266216
1.0435217608804401,0.16696750710820996
1.0440220110055027,0.15295835766262536
1.0445222611305653,0.13897330621198256
1.0450225112556277,0.12501641761958374
1.0455227613806903,0.11109172804731071
1.046023011505753,0.09720324389094509
1.0465232616308153,0.08335494072970623
1.047023511755878,0.0695507622902502
1.0475237618809405,0.05579461942536792
1.048024012006003,0.04209038910761463
1.0485242621310655,0.02844191343809725
1.0490245122561281,0.014852998670640872
1.0495247623811905,0.0013274142515496716
1.0500250125062531,-0.012131108124828323
1.0505252626313157,-0.02551887544452867
1.0510255127563781,-0.03883223428619225
1.0515257628814407,-0.052067571716889076
1.0520260130065033,-0.06522131617135792
1.0525262631315657,-0.07828993831448139
1.0530265132566283,-0.09126995188682185
1.053526763381691,-0.10415791453304986
1.0540270135067535,-0.11695042861310224
1.054527263631816,-0.12964414199591354
1.0550275137568785,-0.14223574883556994
1.055527763881941,-0.15472199032974113
1.0560280140070035,-0.16709965546025168
1.0565282641320661,-0.17936558171565944
1.0570285142571285,-0.19151665579571386
1.0575287643821911,-0.20354981429757482
1.0580290145072537,-0.2154620443836766
1.0585292646323161,-0.22725038443112947
1.0590295147573787,-0.23891192466255584
1.0595297648824413,-0.25044380775826564
1.0600300150075037,-0.26184322944968025
1.0605302651325663,-0.2731074390939208
1.0610305152576287,-0.2842337402294837
1.0615307653826913,-0.2952194911129303
1.062031015507754,-0.3060621052365254
1.0625312656328165,-0.316759051826765
1.063031515757879,-0.32730785632373854
1.0635317658829415,-0.33770610084127867
1.064032016008004,-0.3479514246078561
1.0645322661330665,-0.358041524388184
1.0650325162581291,-0.36797415488550117
1.0655327663831915,-0.377747129124512
1.066033016508254,-0.3873583188149619
1.0665332666333165,-0.3968056546958391
1.067033516758379,-0.4060871268601945
1.0675337668834417,-0.41520078506058
1.0680340170085043,-0.42414473899511
1.0685342671335667,-0.4329171585741575
1.0690345172586293,-0.44151627416770134
1.069534767383692,-0.44994037683334676
1.0700350175087543,-0.45818781852504886
1.070535267633817,-0.46625701228257044
1.0710355177588795,-0.47414643240171556
1.071535767883942,-0.48185461458538315
1.0720360180090045,-0.48938015607549074
1.072536268134067,-0.4967217157658246
1.0730365182591295,-0.5038780142958778
1.073536768384192,-0.5108478341257424
1.0740370185092547,-0.5176300195921288
1.074537268634317,-0.5242234769455881
1.0750375187593797,-0.5306271743690216
1.0755377688844423,-0.5368401419775647
1.0760380190095047,-0.5428614717999373
1.0765382691345673,-0.5486903177413602
1.07703851925963,-0.5543258955281406
1.0775387693846925,-0.5597674826340309
1.078039019509755,-0.5650144181884801
1.0785392696348175,-0.5700661028668905
1.0790395197598799,-0.5749219987630046
1.0795397698849425,-0.5795816292435481
1.080040020010005,-0.5840445787852627
1.0805402701350677,-0.5883104927944648
1.08104052026013,-0.5923790774092687
1.0815407703851927,-0.5962500992846242
1.082041020510255,-0.5999233853603169
1.0825412706353177,-0.6033988226120827
1.0830415207603803,-0.6066763577860008
1.0835417708854427,-0.6097559971163226
1.0840420210105053,-0.6126378060269071
1.0845422711355677,-0.6153219088164332
1.0850425212606303,-0.6178084883275631
1.0855427713856929,-0.6200977856002354
1.0860430215107555,-0.6221900995092732
1.0865432716358179,-0.6240857863864925
1.0870435217608805,-0.6257852596275004
1.0875437718859429,-0.6272889892833778
1.0880440220110055,-0.6285975016374453
1.088544272136068,-0.6297113787673118
1.0890445222611305,-0.6306312580924106
1.089544772386193,-0.6313578319072319
1.0900450225112555,-0.6318918469004612
1.090545272636318,-0.6322341036602377
1.0910455227613807,-0.6323854561657531
1.0915457728864433,-0.6323468112654059
1.0920460230115057,-0.6321191281417393
1.0925462731365683,-0.6317034177633852
1.0930465232616307,-0.631100742324246
1.0935467733866933,-0.6303122146701428
1.0940470235117559,-0.6293389977131661
1.0945472736368185,-0.628182303833966
1.0950475237618809,-0.626843394272218
1.0955477738869435,-0.6253235785055096
1.096048024012006,-0.6236242136168878
1.0965482741370685,-0.6217467036513166
1.097048524262131,-0.619692498961289
1.0975487743871937,-0.6174630955418466
1.098049024512256,-0.6150600343552568
1.0985492746373187,-0.6124849006456009
1.0990495247623813,-0.6097393232435309
1.0995497748874437,-0.6068249738614483
1.1000500250125063,-0.6037435663793678
1.1005502751375689,-0.6004968561217229
1.1010505252626313,-0.5970866391253766
1.1015507753876939,-0.5935147513990991
1.1020510255127565,-0.5897830681747782
1.1025512756378189,-0.5858935031506263
1.1030515257628815,-0.5818480077266497
1.103551775887944,-0.57764857023265
1.1040520260130067,-0.5732972151490248
1.104552276138069,-0.5687960023206349
1.1050525262631317,-0.5641470261640114
1.105552776388194,-0.5593524148681699
1.1060530265132567,-0.5544143295893047
1.1065532766383193,-0.5493349636396341
1.1070535267633816,-0.5441165416706681
1.1075537768884443,-0.5387613188511722
1.1080540270135066,-0.5332715800400972
1.1085542771385692,-0.5276496389547513
1.1090545272636319,-0.5218978373344828
1.1095547773886945,-0.5160185441001508
1.1100550275137568,-0.5100141545096508
1.1105552776388194,-0.5038870893097738
1.1110555277638818,-0.4976397938846661
1.1115557778889444,-0.49127473740116445
1.112056028014007,-0.4847944119512759
1.1125562781390694,-0.4782013316920747
1.113056528264132,-0.47149803198328577
1.1135567783891946,-0.46468706852282515
1.114057028514257,-0.4577710164805645
1.1145572786393196,-0.45075246963059024
1.1150575287643822,-0.4436340394822225
1.1155577788894446,-0.4364183544100615
1.1160580290145072,-0.4291080587833248
1.1165582791395696,-0.42170581209474145
1.1170585292646322,-0.4142142880892648
1.1175587793896948,-0.4066361738928661
1.1180590295147574,-0.39897416914166867
1.1185592796398198,-0.3912309851116817
1.1190595297648824,-0.38340934384939185
1.119559779889945,-0.3755119773034678
1.1200600300150074,-0.3675416264578317
1.12056028014007,-0.3595010404663512
1.1210605302651326,-0.3513929757894018
1.121560780390195,-0.34322019533255016
1.1220610305152576,-0.3349854675876033
1.1225612806403202,-0.32669156577627084
1.1230615307653826,-0.31834126699668275
1.1235617808904452,-0.3099373513730038
1.1240620310155078,-0.30148260120838377
1.1245622811405702,-0.29297980014148006
1.1250625312656328,-0.284431732306788
1.1255627813906954,-0.27584118149901005
1.1260630315157578,-0.2672109303416952
1.1265632816408204,-0.25854375946037433
1.127063531765883,-0.24984244666041858
1.1275637818909456,-0.2411097661098411
1.128064032016008,-0.2323484875272636
1.1285642821410706,-0.22356137537526438
1.129064532266133,-0.2147511880593225
1.1295647823911956,-0.2059206771325696
1.1300650325162582,-0.19707258650655887
1.1305652826413208,-0.18820965166825698
1.1310655327663832,-0.17933459890346234
1.1315657828914456,-0.1704501445268502
1.1320660330165082,-0.16155899411884153
1.1325662831415708,-0.15266384176949066
1.1330665332666334,-0.1437673693295821
1.1335667833916958,-0.13487224566912553
1.1340670335167584,-0.1259811259434336
1.1345672836418208,-0.1170966508669641
1.1350675337668834,-0.1082214459951053
1.135567783891946,-0.09935812101408019
1.1360680340170086,-0.09050926903914079
1.136568284142071,-0.08167746592122178
1.1370685342671334,-0.07286526956221871
1.137568784392196,-0.06407521923905239
1.1380690345172586,-0.0553098349366782
1.1385692846423212,-0.04657161669019516
1.1390695347673836,-0.03786304393620622
1.1395697848924462,-0.029186574873577953
1.1400700350175086,-0.020544645833743765
1.1405702851425712,-0.011939670660691676
1.1410705352676338,-0.0033740401007737995
1.1415707853926964,0.005149878797528759
1.1420710355177588,0.013629743273755738
1.1425712856428214,0.022063235435405896
1.1430715357678838,0.030448062827540968
1.1435717858929464,0.038781958991936455
1.144072036018009,0.04706268401566405
1.1445722861430716,0.055288025068994294
1.145072536268134,0.06345579693251173
1.1455727863931966,0.07156384251333855
1.1460730365182592,0.07961003335036675
1.1465732866433216,0.08759227010840218
1.1470735367683842,0.09550848306112818
1.1475737868934468,0.10335663256279988
1.1480740370185094,0.11113470950858408
1.1485742871435718,0.11884073578346403
1.1490745372686344,0.12647276469963134
1.1495747873936968,0.13402888142229175
1.1500750375187594,0.141507203383815
1.150575287643822,0.1489058806861635
1.1510755377688846,0.15622309649153682
1.151575787893947,0.16345706740117513
1.1520760380190096,0.17060604382226627
1.152576288144072,0.17766831032290645
1.1530765382691346,0.1846421859750678
1.1535767883941972,0.19152602468553
1.1540770385192598,0.1983182155147374
1.1545772886443222,0.20501718298354543
1.1550775387693846,0.21162138736782568
1.1555777888944472,0.21812932498090215
1.1560780390195098,0.22453952844379446
1.1565782891445724,0.2308505669432478
1.1570785392696348,0.2370610464775338
1.1575787893946974,0.24316961009000967
1.1580790395197598,0.2491749380904263
1.1585792896448224,0.2550757482639808
1.159079539769885,0.2608707960681118
1.1595797898949476,0.2665588748170399
1.16008004002001,0.27213881585405797
1.1605802901450724,0.2776094887115835
1.161080540270135,0.2829698012589832
1.1615807903951976,0.2882186998381888
1.1620810405202602,0.2933551693871227
1.1625812906453228,0.2983782335509586
1.1630815407703852,0.30328695478124396
1.1635817908954476,0.30808043442291505
1.1640820410205102,0.3127578127892393
1.1645822911455728,0.3173182692247223
1.1650825412706354,0.32176102215602087
1.1655827913956978,0.3260853291309073
1.1660830415207604,0.33029048684533124
1.1665832916458228,0.3343758311586323
1.1670835417708854,0.3383407370969566
1.167583791895948,0.34218461884493623
1.1680840420210106,0.34590692972569054
1.168584292146073,0.34950716216921646
1.1690845422711356,0.35298484766923277
1.1695847923961982,0.3563395567285501
1.1700850425212606,0.3595708987930394
1.1705852926463232,0.36267852217427654
1.1710855427713858,0.3656621139609416
1.1715857928964482,0.3685213999190564
1.1720860430215108,0.371256144381145
1.1725862931465734,0.37386615012440594
1.1730865432716358,0.37635125823798743
1.1735867933966984,0.37871134797946004
1.174087043521761,0.3809463366205823
1.1745872936468236,0.38305617928246094
1.175087543771886,0.3850408687602058
1.1755877938969486,0.3869004353371859
1.176088044022011,0.3886349465889929
1.1765882941470736,0.3902445071772231
1.1770885442721362,0.39172925863318964
1.1775887943971988,0.39308937913168013
1.1780890445222612,0.3943250832548769
1.1785892946473235,0.39543662174655997
1.1790895447723861,0.3964242812567145
1.1795897948974488,0.3972883840766666
1.1800900450225114,0.3980292878648753
1.180590295147574,0.3986473853635075
1.1810905452726363,0.3991431041059282
1.1815907953976987,0.3995169061152378
1.1820910455227613,0.3997692875939928
1.182591295647824,0.3999007786052446
1.1830915457728866,0.3999119427450372
1.183591795897949,0.3998033768065033
1.1840920460230115,0.3995757104357008
1.184592296148074,0.3992296057793355
1.1850925462731365,0.3987657571245144
1.1855927963981991,0.3981848905306777
1.1860930465232618,0.39748776345385833
1.1865932966483241,0.39667516436342104
1.1870935467733865,0.3957479123514309
1.1875937968984491,0.39470685673480693
1.1880940470235117,0.39355287665041494
1.1885942971485743,0.3922868806432567
1.1890945472736367,0.39090980624791183
1.1895947973986993,0.3894226195633923
1.1900950475237617,0.3878263148215696
1.1905952976488243,0.3861219139493355
1.191095547773887,0.3843104661246589
1.1915957978989495,0.38239304732670154
1.192096048024012,0.3803707598801574
1.1925962981490745,0.37824473199398106
1.193096548274137,0.37601611729467027
1.1935967983991995,0.37368609435427036
1.1940970485242621,0.3712558662132677
1.1945972986493247,0.3687266598985405
1.1950975487743871,0.36609972593653556
1.1955977988994497,0.3633763378618414
1.1960980490245123,0.36055779172132674
1.1965982991495747,0.35764540557401514
1.1970985492746373,0.3546405189868676
1.1975987993997,0.35154449252664244
1.1980990495247625,0.34835870724800644
1.198599299649825,0.34508456417806754
1.1990995497748875,0.34172348379750156
1.19959979989995,0.33827690551844547
1.2001000500250125,0.33474628715932936
1.2006003001500751,0.3311331044168195
1.2011005502751377,0.3274388503350453
1.2016008004002001,0.323665034772282
1.2021010505252627,0.3198131838652615
1.2026013006503251,0.31588483949128393
1.2031015507753877,0.31188155872830137
1.2036018009004503,0.3078049133131457
1.204102051025513,0.30365648909807164
1.2046023011505753,0.29943788550578665
1.2051025512756377,0.2951507149831372
1.2056028014007003,0.29079660245362315
1.206103051525763,0.2863771847689087
1.2066033016508255,0.28189411015949883
1.207103551775888,0.2773490376847515
1.2076038019009505,0.2727436366823915
1.208104052026013,0.26807958621769445
1.2086043021510755,0.26335857453250694
1.2091045522761381,0.2585822984942681
1.2096048024012007,0.2537524630451992
1.210105052526263,0.24887078065182286
1.2106053026513255,0.24393897075497653
1.211105552776388,0.23895875922048207
1.2116058029014507,0.23393187779063232
1.2121060530265133,0.22886006353665497
1.2126063031515757,0.22374505831231248
1.2131065532766383,0.218588608208796
1.2136068034017007,0.21339246301106998
1.2141070535267633,0.20815837565582312
1.214607303651826,0.20288810169117924
1.2151075537768885,0.19758339873832176
1.215607803901951,0.19224602595518278
1.2161080540270135,0.1868777435023472
1.2166083041520759,0.18148031201132062
1.2171085542771385,0.17605549205530824
1.217608804402201,0.17060504362265094
1.2181090545272637,0.16513072559306247
1.218609304652326,0.15963429521681072
1.2191095547773887,0.1541175075969841
1.2196098049024513,0.14858211517498293
1.2201100550275137,0.14302986721937333
1.2206103051525763,0.13746250931823983
1.221110555277639,0.13188178287517133
1.2216108054027015,0.12628942460901338
1.222111055527764,0.12068716605751685
1.2226113056528265,0.11507673308501305
1.2231115557778889,0.10945984539424197
1.2236118059029515,0.103838216042459
1.224112056028014,0.09821355096194408
1.2246123061530767,0.0925875484850341
1.225112556278139,0.08696189887379897
1.2256128064032017,0.08133828385447811
1.226113056528264,0.07571837615679343
1.2266133066533267,0.07010383905825227
1.2271135567783893,0.06449632593355173
1.227613806903452,0.05889747980919376
1.2281140570285143,0.05330893292341839
1.2286143071535767,0.04773230629156008
1.2291145572786393,0.042169209276930526
1.2296148074037019,0.03662123916732848
1.2301150575287645,0.03108998075727538
1.2306153076538269,0.02557700593607324
1.2311155577788895,0.02008387328177902
1.2316158079039519,0.014612127661187486
1.2321160580290145,0.009163299835912265
1.232616308154077,0.0037389060746526037
1.2331165582791397,-0.001659552228269001
1.233616808404202,-0.007030588928015457
1.2341170585292645,-0.012372733497909408
1.234617308654327,-0.01768453139159504
1.2351175587793897,-0.02296454439861144
1.2356178089044523,-0.02821135099330398
1.2361180590295149,-0.03342354667700255
1.2366183091545773,-0.03859974431339778
1.2371185592796397,-0.04373857445704887
1.2376188094047023,-0.048838685674958957
1.2381190595297649,-0.05389874486115628
1.2386193096548275,-0.05891743754422209
1.2391195597798899,-0.06389346818770823
1.2396198099049525,-0.06882556048339014
1.2401200600300148,-0.07371245763730304
1.2406203101550775,-0.07855292264851194
1.24112056028014,-0.08334573858056814
1.2416208104052027,-0.08808970882560745
1.242121060530265,-0.09278365736104789
1.2426213106553277,-0.09742642899884696
1.2431215607803903,-0.10201688962728081
1.2436218109054527,-0.10655392644521057
1.2441220610305153,-0.11103644818880298
1.2446223111555779,-0.1154633853506751
1.2451225612806402,-0.11983369039143545
1.2456228114057029,-0.12414633794359606
1.2461230615307655,-0.12840032500783263
1.2466233116558278,-0.13259467114157192
1.2471235617808905,-0.13672841863988863
1.247623811905953,-0.14080063270869558
1.2481240620310157,-0.14481040163021414
1.248624312156078,-0.14875683692071362
1.2491245622811407,-0.15263907348051114
1.249624812406203,-0.15645626973622573
1.2501250625312657,-0.16020760777528248
1.2506253126563283,-0.16389229347266557
1.2511255627813909,-0.16750955660992026
1.2516258129064533,-0.17105865098640768
1.2521260630315156,-0.17453885452281695
1.2526263131565782,-0.177949469356943
1.2531265632816408,-0.18128982193173962
1.2536268134067035,-0.18455926307565998
1.254127063531766,-0.18775716807529877
1.2546273136568282,-0.19088293674035325
1.2551275637818908,-0.1939359934609216
1.2556278139069534,-0.19691578725715966
1.256128064032016,-0.1998217918213195
1.2566283141570787,-0.2026535055521954
1.2571285642821413,-0.20541045158200397
1.2576288144072034,-0.20809217779572908
1.258129064532266,-0.21069825684296314
1.2586293146573286,-0.2132282861422779
1.2591295647823912,-0.21568188787816198
1.2596298149074538,-0.21805870899056193
1.2601300650325162,-0.2203584211570674
1.2606303151575786,-0.22258072076778276
1.2611305652826412,-0.22472532889292815
1.2616308154077038,-0.22679199124321708
1.2621310655327664,-0.2287804781230578
1.262631315657829,-0.23069058437662812
1.2631315657828914,-0.2325221293268759
1.2636318159079538,-0.23427495670749848
1.2641320660330164,-0.23594893458795613
1.264632316158079,-0.2375439552915772
1.2651325662831416,-0.2390599353068137
1.2656328164082042,-0.24049681519170782
1.2661330665332666,-0.24185455947163242
1.266633316658329,-0.2431331565303689
1.2671335667833916,-0.2443326184945889
1.2676338169084542,-0.2454529811118069
1.2681340670335168,-0.24649430362187322
1.2686343171585794,-0.24745666862207735
1.2691345672836418,-0.24834018192593474
1.2696348174087042,-0.24914497241573022
1.2701350675337668,-0.24987119188889362
1.2706353176588294,-0.25051901489828393
1.271135567783892,-0.25108863858646085
1.2716358179089546,-0.2515802825140225
1.272136068034017,-0.2519941884820908
1.2726363181590794,-0.2523306203490271
1.273136568284142,-0.25258986384146026
1.2736368184092046,-0.2527722263597143
1.2741370685342672,-0.25287803677771975
1.2746373186593298,-0.25290764523749754
1.2751375687843922,-0.25286142293830266
1.2756378189094546,-0.2527397619205187
1.2761380690345172,-0.2525430748443934
1.2766383191595798,-0.25227179476370687
1.2771385692846424,-0.2519263748944661
1.277638819409705,-0.2515072883787195
1.2781390695347672,-0.25101502804358644
1.2786393196598298,-0.2504501061555981
1.2791395697848924,-0.24981305417044597
1.279639819909955,-0.24910442247823614
1.2801400700350176,-0.24832478014434814
1.2806403201600802,-0.24747471464599743
1.2811405702851424,-0.2465548316046023
1.281640820410205,-0.24556575451405557
1.2821410705352676,-0.24450812446500364
1.2826413206603302,-0.24338259986523433
1.2831415707853928,-0.2421898561562773
1.2836418209104552,-0.2409305855263207
1.2841420710355176,-0.23960549661954805
1.2846423211605802,-0.23821531424200032
1.2851425712856428,-0.23676077906406873
1.2856428214107054,-0.23524264731972358
1.286143071535768,-0.2336616905025862
1.2866433216608304,-0.23201869505894998
1.2871435717858928,-0.23031446207785794
1.2876438219109554,-0.22854980697834407
1.288144072036018,-0.22672555919394644
1.2886443221610806,-0.2248425618546
1.2891445722861432,-0.22290167146601703
1.2896448224112056,-0.22090375758666417
1.290145072536268,-0.21884970250244426
1.2906453226613306,-0.2167404008991923
1.2911455727863932,-0.21457675953309396
1.2916458229114558,-0.21235969689913578
1.2921460730365184,-0.2100901428976964
1.2926463231615808,-0.20776903849938708
1.2931465732866432,-0.20539733540825156
1.2936468234117058,-0.20297599572343344
1.2941470735367684,-0.20050599159942037
1.294647323661831,-0.19798830490497366
1.2951475737868936,-0.19542392688085194
1.295647823911956,-0.19281385779643728
1.2961480740370184,-0.19015910660537233
1.296648324162081,-0.18746069060031606
1.2971485742871436,-0.18471963506692585
1.2976488244122062,-0.18193697293717345
1.2981490745372688,-0.17911374444210193
1.2986493246623312,-0.17625099676413034
1.2991495747873936,-0.17334978368901222
1.2996498249124562,-0.17041116525755381
1.3001500750375188,-0.16743620741719772
1.3006503251625814,-0.16442598167357642
1.301150575287644,-0.1613815647421407
1.3016508254127064,-0.1583040381999663
1.3021510755377688,-0.15519448813784267
1.3026513256628314,-0.15205400481274575
1.303151575787894,-0.14888368230079763
1.3036518259129566,-0.14568461815081407
1.3041520760380192,-0.1424579130385409
1.3046523261630814,-0.13920467042167897
1.305152576288144,-0.1359259961957974
1.3056528264132066,-0.1326229983512332
1.3061530765382692,-0.1292967866310755
1.3066533266633318,-0.12594847219033073
1.3071535767883944,-0.12257916725636567
1.3076538269134566,-0.11918998479072272
1.3081540770385192,-0.1157820381524025
1.3086543271635818,-0.1123564407627066
1.3091545772886444,-0.10891430577173355
1.309654827413707,-0.10545674572661923
1.3101550775387694,-0.10198487224161223
1.3106553276638317,-0.09849979567007415
1.3111555777888944,-0.09500262477849285
1.311655827913957,-0.09149446642259669
1.3121560780390196,-0.08797642522565587
1.3126563281640822,-0.08444960325905618
1.3131565782891446,-0.08091509972522984
1.313656828414207,-0.07737401064302601
1.3141570785392696,-0.07382742853560335
1.3146573286643322,-0.07027644212092526
1.3151575787893948,-0.06672213600493755
1.3156578289144574,-0.06316559037750691
1.3161580790395198,-0.059607880711197374
1.3166583291645821,-0.056050077462960854
1.3171585792896447,-0.0524932457788164
1.3176588294147074,-0.048938445201591727
1.31815907953977,-0.045386729381799114
1.3186593296648326,-0.041839145791716645
1.319159579789895,-0.0382967354427443
1.3196598299149573,-0.03476053260610317
1.32016008004002,-0.03123156453694471
1.3206603301650826,-0.027710851201935584
1.3211605802901452,-0.024199405010382282
1.3216608304152078,-0.020698230548958314
1.3221610805402702,-0.017208324320095378
1.3226613306653325,-0.013730674484098558
1.3231615807903951,-0.010266260605044137
1.3236618309154577,-0.006816053400517157
1.3241620810405204,-0.0033810144952445198
1.324662331165583,3.7903821322091195e-5
1.3251625812906453,0.0034397588334206426
1.3256628314157077,0.006823617633339127
1.3261630815407703,0.010188557351671982
1.326663331665833,0.013533665383424123
1.3271635817908956,0.016858039609915623
1.3276638319159582,0.020160788616441605
1.3281640820410203,0.02344103190564334
1.328664332166083,0.026697900106548114
1.3291645822911455,0.02993053517923694
1.3296648324162081,0.03313809061510061
1.3301650825412707,0.03631973163264624
1.3306653326663334,0.039474635368817804
1.3311655827913955,0.04260199106579586
1.3316658329164581,0.04570100025324311
1.3321660830415207,0.048770876925963956
1.3326663331665833,0.051810847716947765
1.333166583291646,0.054820152065767
1.3336668334167083,0.057798042382303114
1.3341670835417707,0.06074378420577452
1.3346673336668333,0.06365665635904234
1.335167583791896,0.06653595109817147
1.3356678339169585,0.06938097425722568
1.3361680840420211,0.07219104538827747
1.3366683341670835,0.07496549789661432
1.337168584292146,0.07770367917112504
1.3376688344172085,0.08040495070985133
1.3381690845422711,0.08306868824069077
1.3386693346673337,0.08569428183723952
1.3391695847923963,0.08828113602976442
1.3396698349174587,0.09082866991129528
1.340170085042521,0.09333631723883007
1.3406703351675837,0.0958035265296473
1.3411705852926463,0.09822976115272092
1.341670835417709,0.10061449941523476
1.3421710855427715,0.10295723464419534
1.342671335667834,0.10525747526314287
1.3431715857928963,0.10751474486396204
1.343671835917959,0.10972858227379538
1.3441720860430215,0.11189854161706386
1.3446723361680841,0.11402419237260021
1.3451725862931467,0.11610511942590268
1.3456728364182091,0.1181409231165176
1.3461730865432715,0.12013121928056095
1.346673336668334,0.12207563928839045
1.3471735867933967,0.12397383007744124
1.3476738369184593,0.1258254541802392
1.348174087043522,0.12763018974760762
1.3486743371685843,0.12938773056708472
1.3491745872936467,0.13109778607656933
1.3496748374187093,0.13276008137321563
1.350175087543772,0.1343743572175974
1.3506753376688345,0.13594037003316406
1.3511755877938971,0.13745789190101224
1.3516758379189593,0.13892671054999808
1.352176088044022,0.14034662934221587
1.3526763381690845,0.14171746725387127
1.353176588294147,0.14303905885157708
1.3536768384192097,0.14431125426410188
1.3541770885442723,0.1455339191496024
1.3546773386693345,0.1467069346583724
1.355177588794397,0.147830197391141
1.3556778389194597,0.1489036193529558
1.3561780890445223,0.1499271279026859
1.356678339169585,0.15090066569818214
1.3571785892946473,0.15182419063713282
1.3576788394197097,0.1526976757936537
1.3581790895447723,0.15352110935065272
1.358679339669835,0.15429449452801064
1.3591795897948975,0.15501784950662023
1.35967983991996,0.15569120734832712
1.3601800900450225,0.15631461591181658
1.3606803401700849,0.15688813776449204
1.3611805902951475,0.15741185009039174
1.36168084042021,0.15788584459419008
1.3621810905452727,0.1583102274013328
1.3626813406703353,0.15868511895435472
1.3631815907953977,0.15901065390543012
1.36368184092046,0.15928698100520672
1.3641820910455227,0.15951426298797539
1.3646823411705853,0.15969267645322766
1.365182591295648,0.1598224117436548
1.3656828414207105,0.15990367281964285
1.3661830915457729,0.15993667713031834
1.3666833416708353,0.15992165548120085
1.3671835917958979,0.1598588518985185
1.3676838419209605,0.15974852349024404
1.368184092046023,0.15959094030390905
1.3686843421710857,0.15938638518125542
1.369184592296148,0.15913515360978278
1.3696848424212105,0.15883755357125223
1.370185092546273,0.15849390538720676
1.3706853426713357,0.1581045415615693
1.3711855927963983,0.15766980662038044
1.371685842921461,0.15719005694873753
1.3721860930465233,0.15666566062499843
1.3726863431715857,0.15609699725231288
1.3731865932966483,0.15548445778754527
1.3736868434217109,0.154828444367653
1.3741870935467735,0.15412937013358533
1.374687343671836,0.15338765905176732
1.3751875937968983,0.1526037457332347
1.3756878439219609,0.15177807525048537
1.3761880940470235,0.15091110295211368
1.376688344172086,0.15000329427529438
1.3771885942971487,0.14905512455618233
1.3776888444222113,0.14806707883829592
1.3781890945472735,0.14703965167895114
1.378689344672336,0.14597334695381384
1.3791895947973987,0.14486867765963865
1.3796898449224613,0.14372616571526192
1.3801900950475239,0.14254634176091743
1.3806903451725865,0.14132974495594297
1.3811905952976486,0.14007692277494668
1.3816908454227113,0.13878843080250153
1.3821910955477739,0.13746483252643696
1.3826913456728365,0.13610669912979623
1.383191595797899,0.13471460928152884
1.3836918459229615,0.1332891489259865
1.3841920960480238,0.13183091107129197
1.3846923461730865,0.1303404955766494
1.385192596298149,0.1288185089386654
1.3856928464232117,0.12726556407674955
1.3861930965482743,0.12568228011766322
1.3866933466733367,0.12406928217928526
1.387193596798399,0.12242720115366348
1.3876938469234616,0.1207566734894203
1.3881940970485243,0.1190583409735805
1.3886943471735869,0.11733285051289
1.3891945972986495,0.11558085391469285
1.3896948474237119,0.11380300766743492
1.3901950975487742,0.11199997272086136
1.3906953476738368,0.11017241426597518
1.3911955977988995,0.10832100151482432
1.391695847923962,0.10644640748018352
1.3921960980490247,0.10454930875519775
1.392696348174087,0.10263038529305324
1.3931965982991494,0.10069032018674197
1.393696848424212,0.09872979944898483
1.3941970985492746,0.09674951179237891
1.3946973486743373,0.09475014840983316
1.3951975987993999,0.09273240275535703
1.3956978489244622,0.09069697032526573
1.3961980990495246,0.08864454843986559
1.3966983491745872,0.08657583602568246
1.3971985992996498,0.08449153339829554
1.3976988494247125,0.08239234204583877
1.398199099549775,0.08027896441323092
1.3986993496748374,0.0781521036871957
1.3991995997998998,0.07601246358213208
1.3996998499249624,0.07386074812689457
1.400200100050025,0.07169766145254296
1.4007003501750876,0.06952390758112002
1.4012006003001503,0.06734019021551531
1.4017008504252124,0.06514721253047258
1.402201100550275,0.06294567696479751
1.4027013506753376,0.060736285014822124
1.4032016008004002,0.05851973702918133
1.4037018509254628,0.05629673200495647
1.4042021010505255,0.05406796738523999
1.4047023511755876,0.051834138858174894
1.4052026013006502,0.049595940157521654
1.4057028514257128,0.04735406286480458
1.4062031015507754,0.04510919621308915
1.406703351675838,0.0428620268924407
1.4072036018009004,0.04061323885711448
1.4077038519259628,0.03836351313452592
1.4082041020510254,0.03611352763604965
1.408704352176088,0.033863956969694645
1.4092046023011506,0.03161547225470211
1.4097048524262132,0.029368740938112124
1.4102051025512756,0.027124426613344094
1.410705352676338,0.02488318884083526
1.4112056028014006,0.022645682970780585
1.4117058529264632,0.020412559968016723
1.4122061030515258,0.018184466239091684
1.4127063531765884,0.015962043461561055
1.4132066033016508,0.013745928415550812
1.4137068534267132,0.011536752817625746
1.4142071035517758,0.009335143157001765
1.4147073536768384,0.007141720534139397
1.415207603801901,0.004957100501754904
1.4157078539269636,0.002781892908284524
1.416208104052026,0.000616701743836455
1.4167083541770884,-0.0015378750113357149
1.417208604302151,-0.0036812455358053798
1.4177088544272136,-0.005812824313359245
1.4182091045522762,-0.007932032276766698
1.4187093546773388,-0.010038296948902264
1.4192096048024012,-0.012131052581192098
1.4197098549274636,-0.01420974028935644
1.4202101050525262,-0.016273808186420904
1.4207103551775888,-0.018322711512970404
1.4212106053026514,-0.020355912764620517
1.421710855427714,-0.022372881816681962
1.4222111055527764,-0.02437309604599497
1.4227113556778388,-0.0263560404499111
1.4232116058029014,-0.02832120776240124
1.423711855927964,-0.030268098567269273
1.4242121060530266,-0.032196221408452
1.4247123561780892,-0.03410509289738689
1.4252126063031514,-0.035994237817430115
1.425712856428214,-0.037863189225308305
1.4262131065532766,-0.03971148854958852
1.4267133566783392,-0.04153868568615175
1.4272136068034018,-0.04334433909065648
1.4277138569284644,-0.045128015867979446
1.4282141070535266,-0.046889291858622104
1.4287143571785892,-0.04862775172207195
1.4292146073036518,-0.05034298901710895
1.4297148574287144,-0.052034606279048386
1.430215107553777,-0.053702215093912084
1.4307153576788394,-0.05534543616952143
1.4312156078039018,-0.05696389940350594
1.4317158579289644,-0.05855724394822267
1.432216108054027,-0.060125118272582254
1.4327163581790896,-0.06166718022077868
1.4332166083041522,-0.06318309706792052
1.4337168584292146,-0.06467254557256252
1.434217108554277,-0.06613521202613722
1.4347173586793396,-0.06757079229928725
1.4352176088044022,-0.06897899188510011
1.4357178589294648,-0.07035952593924756
1.4362181090545274,-0.0717121193170334
1.4367183591795898,-0.07303650660735386
1.4372186093046522,-0.07433243216357575
1.4377188594297148,-0.07559965013133864
1.4382191095547774,-0.07683792447328784
1.43871935967984,-0.07804702899074653
1.4392196098049026,-0.07922674734233541
1.439719859929965,-0.0803768730595496
1.4402201100550274,-0.08149720955930352
1.44072036018009,-0.08258757015345489
1.4412206103051526,-0.08364777805532018
1.4417208604302152,-0.08467766638319452
1.4422211105552778,-0.08567707816088996
1.4427213606803402,-0.08664586631530685
1.4432216108054026,-0.08758389367105376
1.4437218609304652,-0.08849103294213233
1.4442221110555278,-0.08936716672070413
1.4447223611805904,-0.09021218746295766
1.445222611305653,-0.09102599747209379
1.4457228614307154,-0.09180850887844957
1.4462231115557778,-0.0925596436167801
1.4467233616808404,-0.0932793334007199
1.447223611805903,-0.0939675196944453
1.4477238619309656,-0.09462415368156027
1.4482241120560282,-0.09524919623122882
1.4487243621810904,-0.09584261786157798
1.449224612306153,-0.09640439870039576
1.4497248624312156,-0.0969345284431495
1.4502251125562782,-0.0974330063083504
1.4507253626813408,-0.09789984099029096
1.4512256128064034,-0.09833505060918236
1.4517258629314655,-0.09873866265871996
1.4522261130565282,-0.09911071395110516
1.4527263631815908,-0.09945125055955294
1.4532266133066534,-0.0997603277583148
1.453726863431716,-0.10003800996024742
1.4542271135567786,-0.10028437065195785
1.4547273636818407,-0.10049949232655692
1.4552276138069034,-0.10068346641405275
1.455727863931966,-0.10083639320941723
1.4562281140570286,-0.10095838179835813
1.4567283641820912,-0.10104954998083096
1.4572286143071536,-0.10111002419232461
1.457728864432216,-0.10113993942295528
1.4582291145572785,-0.10113943913440389
1.4587293646823412,-0.10110867517473274
1.4592296148074038,-0.10104780769111739
1.4597298649324664,-0.10095700504053023
1.4602301150575288,-0.10083644369841269
1.4607303651825911,-0.10068630816537354
1.4612306153076537,-0.1005067908719509
1.4617308654327164,-0.1002980920814764
1.462231115557779,-0.10006041979107964
1.4627313656828416,-0.0997939896308721
1.463231615807904,-0.09949902476134963
1.4637318659329663,-0.09917575576905333
1.464232116058029,-0.09882442056052834
1.4647323661830915,-0.09844526425462129
1.4652326163081542,-0.09803853907315631
1.4657328664332168,-0.09760450423003085
1.4662331165582791,-0.09714342581877235
1.4667333666833415,-0.09665557669859683
1.4672336168084041,-0.09614123637901113
1.4677338669334667,-0.09560069090300076
1.4682341170585294,-0.09503423272884491
1.468734367183592,-0.09444216061060141
1.4692346173086543,-0.0938247794773036
1.4697348674337167,-0.09318240031091181
1.4702351175587793,-0.09251534002306239
1.470735367683842,-0.09182392133065671
1.4712356178089045,-0.09110847263033367
1.4717358679339672,-0.09036932787186848
1.4722361180590295,-0.0896068264305412
1.472736368184092,-0.08882131297851813
1.4732366183091545,-0.08801313735528964
1.4737368684342171,-0.08718265443720781
1.4742371185592797,-0.08633022400616762
1.4747373686843424,-0.08545621061747491
1.4752376188094045,-0.08456098346694502
1.4757378689344671,-0.08364491625727555
1.4762381190595297,-0.08270838706373693
1.4767383691845923,-0.08175177819922434
1.477238619309655,-0.08077547607871453
1.4777388694347176,-0.07977987108317126
1.4782391195597797,-0.07876535742294251
1.4787393696848423,-0.07773233300069309
1.479239619809905,-0.076681199273916
1.4797398699349675,-0.0756123611170658
1.4802401200600301,-0.0745262266833569
1.4807403701850925,-0.07342320726626998
1.481240620310155,-0.07230371716080956
1.4817408704352175,-0.07116817352455519
1.4822411205602801,-0.07001699623854911
1.4827413706853427,-0.06885060776806269
1.4832416208104053,-0.06766943302328403
1.4837418709354677,-0.06647389921996864
1.48424212106053,-0.06526443574009523
1.4847423711855927,-0.06404147399256829
1.4852426213106553,-0.0628054472740088
1.485742871435718,-0.06155679062967434
1.4862431215607805,-0.06029594071454963
1.486743371685843,-0.05902333565464812
1.4872436218109053,-0.05773941490856516
1.487743871935968,-0.05644461912932295
1.4882441220610305,-0.05513939002654698
1.4887443721860931,-0.05382417022901384
1.4892446223111557,-0.05249940314760934
1.4897448724362181,-0.05116553283873626
1.4902451225612805,-0.04982300386821006
1.490745372686343,-0.04847226117568102
1.4912456228114057,-0.04711374993962076
1.4917458729364683,-0.04574791544291055
1.492246123061531,-0.044375202939068846
1.4927463731865933,-0.042996057519154814
1.4932466233116557,-0.04161092397938425
1.4937468734367183,-0.04022024668949401
1.494247123561781,-0.03882446946189066
1.4947473736868435,-0.03742403542161842
1.4952476238119061,-0.03601938687718147
1.4957478739369685,-0.03461096519225478
1.496248124062031,-0.033199210658317595
1.4967483741870935,-0.03178456236824293
1.497248624312156,-0.0303674580908764
1.4977488744372187,-0.028948334146636612
1.4982491245622813,-0.0275276252841696
1.4987493746873435,-0.02610576455808871
1.499249624812406,-0.02468318320783124
1.4997498749374687,-0.023260310537662483
1.5002501250625313,-0.021837573797857366
1.500750375187594,-0.020415398067089332
1.5012506253126563,-0.018994206136055673
1.501750875437719,-0.017574418392368
1.5022511255627813,-0.016156452706735918
1.502751375687844,-0.014740724320471554
1.5032516258129065,-0.013327645734342038
1.503751875937969,-0.011917626598796407
1.5042521260630315,-0.010511073605593009
1.504752376188094,-0.009108390380852793
1.5052526263131565,-0.007709977379563395
1.505752876438219,-0.006316231781558364
1.5062531265632817,-0.004927547388995286
1.5067533766883443,-0.0035443145253560146
1.5072536268134067,-0.002166919935991646
1.507753876938469,-0.0007957466902342833
1.5082541270635317,0.0005688259149029134
1.5087543771885943,0.0019264224494165128
1.509254627313657,0.0032766714433741097
1.5097548774387195,0.00461920547832642
1.5102551275637819,0.005953661277051038
1.5107553776888443,0.007279679791609335
1.5112556278139069,0.00859690628969853
1.5117558779389695,0.009904990439281636
1.512256128064032,0.011203586391478507
1.5127563781890947,0.012492352861701885
1.513256628314157,0.013770953209022895
1.5137568784392195,0.015039055513751077
1.514257128564282,0.016296332653214656
1.5147573786893447,0.017542462375727333
1.5152576288144073,0.01877712737272851
1.51575787893947,0.020000015349084483
1.5162581290645323,0.021210819091538706
1.5167583791895947,0.02240923653529993
1.5172586293146573,0.02359497082875752
1.5177588794397199,0.024767730396313956
1.5182591295647825,0.025927228999325078
1.5187593796898449,0.027073185795139343
1.5192596298149075,0.028205325394227806
1.5197598799399699,0.029323377915397353
1.5202601300650325,0.03042707903908015
1.520760380190095,0.031516170058692984
1.5212606303151577,0.03259039793006076
1.52176088044022,0.03364951531889899
1.5222611305652827,0.03469328064635082
1.522761380690345,0.03572145813257455
1.5232616308154077,0.036733817838378445
1.5237618809404703,0.03773013570490002
1.5242621310655329,0.03871019359132775
1.5247623811905953,0.039673779310663675
1.5252626313156579,0.04062068666352591
1.5257628814407203,0.04155071546999076
1.5262631315657829,0.04246367159947472
1.5267633816908455,0.04335936699865718
1.527263631815908,0.04423761971744513
1.5277638819409705,0.04509825393298204
1.528264132066033,0.0459410999717034
1.5287643821910955,0.0467659943294421
1.529264632316158,0.04757277968958726
1.5297648824412207,0.0483613049393009
1.5302651325662833,0.049131425183797234
1.5307653826913457,0.049883001758689954
1.531265632816408,0.05061590224041354
1.5317658829414706,0.05133000045472491
1.5322661330665333,0.05202517648329266
1.5327663831915959,0.0527013166683813
1.5332666333166585,0.05335831361563857
1.5337668834417209,0.05399606619499462
1.5342671335667832,0.05461447953968207
1.5347673836918458,0.05521346504338664
1.5352676338169085,0.05579294035553855
1.535767883941971,0.056352829374755393
1.5362681340670337,0.05689306224044755
1.536768384192096,0.05741357532259797
1.5372686343171584,0.05791431120972841
1.537768884442221,0.058395218695064754
1.5382691345672836,0.05885625276091463
1.5387693846923463,0.05929737456127071
1.5392696348174089,0.05971855140265408
1.5397698849424712,0.060119756723211806
1.5402701350675336,0.060500970070083995
1.5407703851925962,0.06086217707505555
1.5412706353176588,0.06120336942850851
1.5417708854427215,0.061524544851691315
1.542271135567784,0.0618257070673216
1.5427713856928464,0.06210686576853958
1.5432716358179088,0.06236803658622974
1.5437718859429714,0.06260924105472855
1.544272136068034,0.06283050657593665
1.5447723861930966,0.06303186638185417
1.545272636318159,0.06321335949555808
1.5457728864432216,0.06337503069064135
1.546273136568284,0.0635169304491335
1.5467733866933466,0.06363911491792267
1.5472736368184092,0.06374164586370006
1.5477738869434718,0.06382459062644705
1.5482741370685342,0.06388802207148661
1.5487743871935968,0.06393201854012054
1.5492746373186592,0.06395666379887396
1.5497748874437218,0.0639620469873696
1.5502751375687844,0.06394826256485407
1.550775387693847,0.06391541025539904
1.5512756378189094,0.06386359499180001
1.551775887943972,0.06379292685819646
1.5522761380690344,0.06370352103143635
1.552776388194097,0.06359549772120932
1.5532766383191596,0.06346898210897207
1.5537768884442222,0.06332410428569095
1.5542771385692846,0.06316099918842549
1.5547773886943472,0.0629798065357783
1.5552776388194096,0.06278067076223584
1.5557778889444722,0.0625637409514256
1.5562781390695348,0.06232917076831473
1.5567783891945974,0.06207711839037599
1.5572786393196598,0.061807746437746565
1.5577788894447222,0.06152122190240574
1.5582791395697848,0.06121771607639758
1.5587793896948474,0.0608974044791247
1.55927963981991,0.060560466783739726
1.5597798899449726,0.0602070867426608
1.560280140070035,0.05983745211223782
1.5607803901950974,0.059451754576596336
1.56128064032016,0.05905018967068574
1.5617808904452226,0.058632956702559025
1.5622811405702852,0.05820025867491097
1.5627813906953478,0.057752302205902085
1.5632816408204102,0.05728929744929547
1.5637818909454726,0.05681145801393399
1.5642821410705352,0.0563190008825851
1.5647823911955978,0.05581214633018082
1.5652826413206604,0.05529111784148024
1.565782891445723,0.05475614202818222
1.5662831415707854,0.05420744854551566
1.5667833916958478,0.05364527000833507
1.5672836418209104,0.0530698419067489
1.567783891945973,0.05248140252130827
1.5682841420710356,0.05188019283778367
1.568784392196098,0.05126645646155711
1.5692846423211606,0.050640439531657394
1.569784892446223,0.050002390634465925
1.5702851425712856,0.049352560717120464
1.5707853926963482,0.048691203000644424
1.5712856428214108,0.04801857289282892
1.5717858929464732,0.04733492790089493
1.5722861430715358,0.046640527543962834
1.5727863931965982,0.0459356332653564
1.5732866433216608,0.045220508344768345
1.5737868934467234,0.04449541781031446
1.574287143571786,0.043760628350503136
1.5747873936968484,0.0430164082261471
1.575287643821911,0.04226302718224387
1.5757878939469734,0.0415007563598517
1.576288144072036,0.04072986820798723
1.5767883941970986,0.03995063639557105
1.5772886443221612,0.039163335723447545
1.5777888944472236,0.03836824203650468
1.5782891445722862,0.037565632135919666
1.5787893946973486,0.036755783691556264
1.5792896448224112,0.03593897515453884
1.5797898949474738,0.035115485670028874
1.5802901450725364,0.034285594990228666
1.5807903951975988,0.03344958338763738
1.5812906453226612,0.03260773156858392
1.5817908954477238,0.03176032058706133
1.5822911455727864,0.03090763175888686
1.582791395697849,0.030049946576211854
1.5832916458229116,0.029187546622405188
1.583791895947974,0.028320713487334
1.5842921460730364,0.027449728683064962
1.584792396198099,0.026574873560009316
1.5852926463231616,0.02569642922353449
1.5857928964482242,0.02481467645106497
1.5862931465732868,0.023929895609694735
1.5867933966983492,0.023042366574333416
1.5872936468234116,0.022152368646408006
1.5877938969484742,0.02126018047314165
1.5882941470735368,0.020366079967430797
1.5887943971985994,0.019470344228341718
1.589294647323662,0.018573249462247095
1.5897948974487244,0.017675070904623096
1.5902951475737868,0.01677608274252701
1.5907953976988494,0.01587655803777528
1.591295647823912,0.014976768650841433
1.5917958979489746,0.014076985165493036
1.592296148074037,0.013177476814186625
1.5927963981990996,0.012278511404239092
1.593296648324162,0.01138035524479377
1.5937968984492246,0.01048327307459911
1.5942971485742872,0.00958752799061751
1.5947973986993498,0.008693381377481522
1.5952976488244122,0.0078010928378143
1.5957978989494748,0.006910920123430861
1.5962981490745372,0.00602311906743634
1.5967983991995998,0.0051379435172370725
1.5972986493246624,0.004255645268480024
1.597798899449725,0.0033764739999356877
1.5982991495747874,0.0025006772093392224
1.59879939969985,0.0016285001502042836
1.5992996498249124,0.000760185769623573
1.599799899949975,-0.00010402535293018869
1.6003001500750376,-0.0009638950657895388
1.6008004002001002,-0.0018191877042508507
1.6013006503251626,-0.002669670148693627
1.6018009004502252,-0.0035151118816483017
1.6023011505752875,-0.004355285043800715
1.6028014007003502,-0.005189964488921807
1.6033016508254128,-0.0060189278377114465
1.6038019009504754,-0.0068419555305457135
1.6043021510755378,-0.0076588308791173025
1.6048024012006001,-0.008469340116959123
1.6053026513256627,-0.00927327244884155
1.6058029014507254,-0.010070420099034133
1.606303151575788,-0.01086057835842305
1.6068034017008506,-0.011643545630475838
1.607303651825913,-0.012419123476045431
1.6078039019509753,-0.01318711665700589
1.608304152076038,-0.013947333178712582
1.6088044022011005,-0.014699584331279974
1.6093046523261632,-0.015443684729670587
1.6098049024512258,-0.01617945235258903
1.6103051525762881,-0.016906708580175442
1.6108054027013505,-0.017625278230493032
1.6113056528264131,-0.0183349895948049
1.6118059029514757,-0.019035674471635476
1.6123061530765384,-0.019727168199612545
1.612806403201601,-0.020409309689086105
1.6133066533266633,-0.02108194145252067
1.6138069034517257,-0.021744909633658053
1.6143071535767883,-0.022398064035448025
1.614807403701851,-0.023041258146744646
1.6153076538269135,-0.023674349167766447
1.6158079039519762,-0.02429719803431898
1.6163081540770385,-0.02490966944077868
1.616808404202101,-0.02551163186183736
1.6173086543271635,-0.026102957573006923
1.6178089044522261,-0.02668352266988447
1.6183091545772887,-0.027253207086178115
1.6188094047023511,-0.027811894610494384
1.6193096548274137,-0.028359472901888238
1.6198099049524761,-0.02889583350417732
1.6203101550775387,-0.02942087185902231
1.6208104052026013,-0.029934487317775604
1.621310655327664,-0.030436583152100866
1.6218109054527263,-0.030927066563366527
1.622311155577789,-0.03140584869081639
1.6228114057028513,-0.031872844618521114
1.623311655827914,-0.032327973381114525
1.6238119059529765,-0.03277115796831911
1.6243121560780391,-0.03320232532826531
1.6248124062031015,-0.0336214063696098
1.6253126563281641,-0.034028335962457926
1.6258129064532265,-0.03442305293809608
1.6263131565782891,-0.0348055000875401
1.6268134067033517,-0.03517562415890585
1.6273136568284143,-0.03553337585360875
1.6278139069534767,-0.03587870982139934
1.628314157078539,-0.03621158465424193
1.6288144072036017,-0.03653196287904413
1.6293146573286643,-0.036839810949245114
1.629814907453727,-0.03713509923527077
1.6303151575787895,-0.0374178020138643
1.630815407703852,-0.037687897456301085
1.6313156578289143,-0.0379453676154969
1.631815907953977,-0.03819019841201877
1.6323161580790395,-0.03842237961900827
1.6328164082041021,-0.03864190484602706
1.6333166583291647,-0.038848771521834975
1.6338169084542271,-0.03904298087611112
1.6343171585792895,-0.03922453792012871
1.634817408704352,-0.03939345142639457
1.6353176588294147,-0.03954973390726466
1.6358179089544773,-0.0396934015925472
1.63631815907954,-0.03982447440610488
1.6368184092046023,-0.039942975941468416
1.6373186593296647,-0.04004893343647358
1.6378189094547273,-0.040142377746934146
1.63831915957979,-0.040223343319363405
1.6388194097048525,-0.0402918681627573
1.6393196598299151,-0.040347993819452165
1.6398199099549775,-0.04039176533507041
1.64032016008004,-0.040423231227567843
1.6408204102051025,-0.04044244345539619
1.641320660330165,-0.04044945738479485
1.6418209104552277,-0.04044433175622601
1.64232116058029,-0.04042712864996737
1.6428214107053527,-0.04039791345087713
1.643321660830415,-0.04035675481234567
1.6438219109554777,-0.04030372461944908
1.6443221610805403,-0.04023889795131923
1.644822411205603,-0.04016235304274573
1.6453226613306653,-0.04007417124502513
1.645822911455728,-0.03997443698607272
1.6463231615807903,-0.039863237729812526
1.646823411705853,-0.039740663934861406
1.6473236618309155,-0.03960680901252305
1.647823911955978,-0.03946176928410782
1.6483241620810405,-0.03930564393759468
1.648824412206103,-0.0391385349836514
1.6493246623311655,-0.03896054721102944
1.649824912456228,-0.03877178814134995
1.6503251625812907,-0.03857236798329737
1.6508254127063533,-0.03836239958623757
1.6513256628314157,-0.03814199839327695
1.6518259129564783,-0.03791128239377949
1.6523261630815407,-0.03767037207535871
1.6528264132066033,-0.03741939037536138
1.653326663331666,-0.03715846263186019
1.6538269134567285,-0.036887716534172416
1.6543271635817909,-0.03660728207292173
1.6548274137068533,-0.036317291489660446
1.6553276638319159,-0.03601787922606939
1.6558279139569785,-0.03570918187275278
1.656328164082041,-0.035391338117645416
1.6568284142071037,-0.035064488694049524
1.657328664332166,-0.03472877632831873
1.6578289144572285,-0.034384345687206545
1.658329164582291,-0.03403134332489676
1.6588294147073537,-0.03366991762973318
1.6593296648324163,-0.033300218770666266
1.659829914957479,-0.0329223986434339
1.6603301650825413,-0.03253661081649393
1.6608304152076037,-0.032143010476725783
1.6613306653326663,-0.03174175437491856
1.6618309154577289,-0.03133300077106302
1.6623311655827915,-0.0309169093794648
1.662831415707854,-0.03049364131369615
1.6633316658329165,-0.03006335903140355
1.6638319159579789,-0.0296262262789883
1.6643321660830415,-0.02918240803617742
1.664832416208104,-0.028732070460501902
1.6653326663331667,-0.02827538083169943
1.665832916458229,-0.027812507496058552
1.6663331665832917,-0.0273436198107213
1.666833416708354,-0.026868888087961073
1.6673336668334167,-0.02638848353945263
1.6678339169584793,-0.025902578220550882
1.6683341670835419,-0.025411344974595115
1.6688344172086043,-0.02491495737725521
1.6693346673336669,-0.024413589680936286
1.6698349174587293,-0.02390741675925808
1.6703351675837919,-0.023396614051625377
1.6708354177088545,-0.02288135750790557
1.671335667833917,-0.022361823533229377
1.6718359179589795,-0.02183818893293065
1.672336168084042,-0.021310630857641014
1.6728364182091044,-0.020779326748555028
1.673336668334167,-0.020244454282881377
1.6738369184592297,-0.01970619131949551
1.6743371685842923,-0.019164715844808982
1.6748374187093547,-0.018620205918870574
1.6753376688344173,-0.018072839621714246
1.6758379189594796,-0.017522794999968665
1.6763381690845423,-0.016970250013743023
1.6768384192096049,-0.016415382483803673
1.6773386693346675,-0.0158583700390559
1.6778389194597298,-0.015299390064345065
1.6783391695847922,-0.014738619648591089
1.6788394197098548,-0.014176235533270222
1.6793396698349174,-0.013612414061257709
1.67983991995998,-0.01304733112604488
1.6803401700850427,-0.01248116212134402
1.680840420210105,-0.011914081891094134
1.6813406703351674,-0.011346264679880577
1.68184092046023,-0.010777884083781334
1.6823411705852926,-0.010209113001652528
1.6828414207103553,-0.009640123586865518
1.6833416708354179,-0.009071087199507815
1.6838419209604802,-0.008502174359059773
1.6843421710855426,-0.007933554697558883
1.6848424212106052,-0.007365396913263217
1.6853426713356678,-0.0067978687248254075
1.6858429214607304,-0.006231136825988336
1.686343171585793,-0.005665366840813498
1.6868434217108554,-0.005100723279452755
1.6873436718359178,-0.004537369494474027
1.6878439219609804,-0.00397546763775121
1.688344172086043,-0.0034151786179284316
1.6888444222111056,-0.002856662058468481
1.689344672336168,-0.0023000762562950727
1.6898449224612306,-0.0017455781410383516
1.690345172586293,-0.0011933232348928246
1.6908454227113556,-0.0006434656130966836
1.6913456728364182,-9.615786504124249e-5
1.6918459229614808,0.00044844894398101684
1.6923461730865432,0.0009902053103815252
1.6928464232116058,0.0015289633292258071
1.6933466733366682,0.002064576730520973
1.6938469234617308,0.0025969009148329655
1.6943471735867934,0.0031257929882262453
1.694847423711856,0.003651111796518843
1.6953476738369184,0.004172717958845936
1.695847923961981,0.004690473900525358
1.6963481740870434,0.00520424388521869
1.696848424212106,0.005713894046381816
1.6973486743371686,0.006219292417999076
1.6978489244622312,0.006720308964595403
1.6983491745872936,0.007216815610521046
1.6988494247123562,0.00770868626850376
1.6993496748374186,0.008195796867463568
1.6998499249624812,0.00867802537958543
1.7003501750875438,0.009155251846645458
1.7008504252126064,0.00962735840558649
1.7013506753376688,0.010094229313339111
1.7018509254627312,0.010555750970884481
1.7023511755877938,0.011011811946555547
1.7028514257128564,0.011462302998573426
1.703351675837919,0.011907117096816081
1.7038519259629816,0.012346149443816585
1.704352176088044,0.012779297494988514
1.7048524262131064,0.0132064609780763
1.705352676338169,0.013627541911828564
1.7058529264632316,0.014042444623892739
1.7063531765882942,0.014451075767929493
1.7068534267133568,0.014853344339945737
1.7073536768384192,0.01524916169384521
1.7078539269634816,0.015638441556195905
1.7083541770885442,0.016021100040213825
1.7088544272136068,0.016397055658962767
1.7093546773386694,0.016766229337770135
1.709854927463732,0.01712854442585893
1.7103551775887944,0.01748392670719641
1.7108554277138568,0.017832304410559968
1.7113556778389194,0.018173608218821302
1.711855927963982,0.018507771277449764
1.7123561780890446,0.018834729202236458
1.7128564282141072,0.01915442008624051
1.7133566783391696,0.01946678450595938
1.713856928464232,0.019771765526725257
1.7143571785892946,0.02006930870732969
1.7148574287143572,0.020359362103879033
1.7153576788394198,0.020641876272883337
1.7158579289644822,0.02091680427358153
1.7163581790895448,0.02118410166950609
1.7168584292146072,0.021443726529290524
1.7173586793396698,0.021695639426723128
1.7178589294647324,0.021939803440050816
1.718359179589795,0.022176184150536953
1.7188594297148574,0.02240474964027736
1.71935967983992,0.022625470489278838
1.7198599299649824,0.022838319771804713
1.720360180090045,0.023043273051992264
1.7208604302151076,0.023240308378746865
1.7213606803401702,0.023429406279918026
1.7218609304652326,0.023610549755762673
1.7223611805902952,0.023783724271701133
1.7228614307153576,0.02394891775037156
1.7233616808404202,0.024106120562988664
1.7238619309654828,0.024255325520012777
1.7243621810905454,0.024396527861135518
1.7248624312156078,0.024529725244588477
1.7253626813406704,0.024654917735781445
1.7258629314657328,0.024772107795276957
1.7263631815907954,0.02488130026610807
1.726863431715858,0.024982502360446433
1.7273636818409206,0.025075723645627865
1.727863931965983,0.02516097602954287
1.7283641820910454,0.02523827374539958
1.728864432216108,0.025307633335866865
1.7293646823411706,0.025369073636605375
1.7298649324662332,0.025422615759194585
1.7303651825912958,0.025468283073463886
1.7308654327163582,0.025506101189236047
1.7313656828414206,0.025536097937491377
1.7318659329664832,0.025558303350961153
1.7323661830915458,0.025572749644158975
1.7328664332166084,0.025579471192858805
1.733366683341671,0.0255785045130286
1.7338669334667334,0.025569888239228566
1.7343671835917958,0.02555366310248313
1.7348674337168584,0.025529871907635934
1.735367683841921,0.02549855951019717
1.7358679339669836,0.0254597727926927
1.7363681840920462,0.025413560640524614
1.7368684342171086,0.02535997391735272
1.737368684342171,0.025299065440006912
1.7378689344672336,0.025230889952940132
1.7383691845922962,0.02515550410223191
1.7388694347173588,0.02507296640915248
1.7393696848424212,0.024983337243297647
1.7398699349674838,0.024886678795304446
1.7403701850925462,0.02478305504915801
1.7408704352176088,0.024672531754099836
1.7413706853426714,0.024555176396147956
1.741870935467734,0.024431058169239385
1.7423711855927964,0.024300247946005393
1.742871435717859,0.024162818248190224
1.7433716858429213,0.024018843216723807
1.743871935967984,0.023868398581459196
1.7443721860930466,0.023711561630585493
1.7448724362181092,0.023548411179726947
1.7453726863431716,0.023379027540739103
1.7458729364682342,0.023203492490212824
1.7463731865932965,0.023021889237697088
1.7468734367183592,0.02283430239365144
1.7473736868434218,0.022640817937139082
1.7478739369684844,0.022441523183271538
1.7483741870935467,0.02223650675041582
1.7488744372186094,0.022025858527175216
1.7493746873436717,0.02180966963915461
1.7498749374687343,0.021588032415521395
1.750375187593797,0.021361040355372982
1.7508754377188596,0.021128788093921956
1.751375687843922,0.020891371368509912
1.7518759379689843,0.020648886984460962
1.752376188094047,0.020401432780785978
1.7528764382191095,0.02014910759574854
1.7533766883441722,0.019892011232303587
1.7538769384692348,0.019630244423419766
1.7543771885942971,0.019363908797296436
1.7548774387193595,0.019093106842486253
1.7553776888444221,0.01881794187293423
1.7558779389694847,0.018538517992944183
1.7563781890945473,0.01825494006208338
1.75687843921961,0.017967313660036226
1.7573786893446723,0.01767574505141773
1.7578789394697347,0.01738034115055751
1.7583791895947973,0.017081209486265007
1.75887943971986,0.01677845816658655
1.7593796898449225,0.01647219584356487
1.7598799399699852,0.016162531678011557
1.7603801900950475,0.015849575304302994
1.76088044022011,0.015533436795210137
1.7613806903451725,0.015214226626772541
1.7618809404702351,0.014892055643226876
1.7623811905952977,0.014567035022000172
1.7628814407203601,0.014239276238777989
1.7633816908454227,0.01390889103265753
1.7638819409704851,0.013575991371395727
1.7643821910955477,0.013240689416762244
1.7648824412206103,0.012903097490007205
1.765382691345673,0.012563328037453437
1.7658829414707353,0.012221493596222892
1.766383191595798,0.011877706760106849
1.7668834417208603,0.011532080145589362
1.767383691845923,0.011184726358033385
1.7678839419709855,0.010835757958038874
1.7683841920960481,0.01048528742798208
1.7688844422211105,0.010133427138745125
1.7693846923461731,0.009780289316644892
1.7698849424712355,0.009425986010570101
1.7703851925962981,0.009070629059335414
1.7708854427213607,0.008714330059261201
1.7713856928464233,0.00835720033198758
1.7718859429714857,0.007999350892531188
1.7723861930965483,0.007640892417593024
1.7728864432216107,0.007281935214125597
1.7733866933466733,0.006922589188167497
1.773886943471736,0.006562963813953379
1.7743871935967985,0.006203168103307227
1.774887443721861,0.005843310575326649
1.7753876938469233,0.005483499226365828
1.775887943971986,0.005123841500324602
1.7763881940970485,0.004764444259251065
1.7768884442221111,0.004405413754264901
1.7773886943471737,0.004046855596808565
1.777888944472236,0.003688874730233265
1.7783891945972985,0.0033315754017266
1.778889444722361,0.0029750611345885293
1.7793896948474237,0.002619434700862243
1.7798899449724863,0.0022647980943263537
1.780390195097549,0.0019112525038546856
1.7808904452226113,0.0015588982871498024
1.7813906953476737,0.0012078349448562701
1.7818909454727363,0.0008581610950595067
1.782391195597799,0.0005099744481759266
1.7828914457228615,0.00016337178223994273
1.7833916958479241,-0.00018155108140675656
1.7838919459729865,-0.0005246993020183879
1.7843921960980489,-0.0008659790429355917
1.7848924462231115,-0.001205297494658315
1.785392696348174,-0.0015425628974962396
1.7858929464732367,-0.0018776845637920809
1.7863931965982993,-0.0022105728997132423
1.7868934467233617,-0.0025411394266074516
1.787393696848424,-0.0028692968019181663
1.7878939469734867,-0.003194958839655685
1.7883941970985493,-0.0035180405304200526
1.788894447223612,-0.003838458060972003
1.7893946973486743,-0.004156128833348341
1.789894947473737,-0.004470971483518308
1.7903951975987993,-0.004782905899577645
1.7908954477238619,-0.005091853239477211
1.7913956978489245,-0.0053977359482831715
1.791895947973987,-0.005700477774965925
1.7923961980990495,-0.006000003788715107
1.792896448224112,-0.006296240394778145
1.7933966983491745,-0.006589115349819987
1.793896948474237,-0.006878557776801825
1.7943971985992997,-0.0071644981793767305
1.7948974487243623,-0.007446868455800327
1.7953976988494247,-0.00772560191235474
1.7958979489744873,-0.008000633276284237
1.7963981990995497,-0.008271898708241129
1.7968984492246123,-0.008539335814240658
1.7973986993496749,-0.008802883657123712
1.7978989494747375,-0.009062482767526416
1.7983991995997999,-0.00931807515435578
1.7988994497248623,-0.009569604314770726
1.7993996998499249,-0.00981701524366796
1.7998999499749875,-0.010060254442672337
1.80040020010005,-0.010299269928631505
1.8009004502251127,-0.010534011241614728
1.801400700350175,-0.010764429452416005
1.8019009504752375,-0.010990477169561695
1.8024012006003,-0.011212108545822998
1.8029014507253627,-0.011429279284233873
1.8034017008504253,-0.011641946643615002
1.8039019509754879,-0.01185006944360462
1.8044022011005503,-0.0120536080691972
1.8049024512256127,-0.012252524474791058
1.8054027013506753,-0.012446782187746107
1.8059029514757379,-0.012636346311453175
1.8064032016008005,-0.012821183527916382
1.806903451725863,-0.013001262099850223
1.8074037018509255,-0.013176551872293165
1.8079039519759879,-0.013347024273739695
1.8084042021010505,-0.013512652316792854
1.808904452226113,-0.013673410598339474
1.8094047023511757,-0.013829275299250448
1.8099049524762383,-0.013980224183608479
1.8104052026013007,-0.014126236597465888
1.810905452726363,-0.014267293467135239
1.8114057028514257,-0.014403377297015574
1.8119059529764883,-0.014534472166957252
1.8124062031015509,-0.014660563729168465
1.8129064532266133,-0.014781639204666658
1.8134067033516759,-0.014897687379278176
1.8139069534767382,-0.015008698599189603
1.8144072036018009,-0.015114664766054334
1.8149074537268635,-0.015215579331658078
1.815407703851926,-0.015311437292147092
1.8159079539769885,-0.015402235181823052
1.816408204102051,-0.015487971066508562
1.8169084542271134,-0.015568644536487458
1.817408704352176,-0.01564425669902412
1.8179089544772387,-0.015714810170466127
1.8184092046023013,-0.01578030906793472
1.8189094547273637,-0.015840759000607583
1.8194097048524263,-0.015896167060598602
1.8199099549774886,-0.015946541813439363
1.8204102051025512,-0.015991893288167174
1.8209104552276139,-0.01603223296702457
1.8214107053526765,-0.016067573774775332
1.8219109554777388,-0.01609793006764212
1.8224112056028015,-0.016123317621870883
1.8229114557278638,-0.01614375362192737
1.8234117058529264,-0.016159256648331132
1.823911955977989,-0.016169846665132378
1.8244122061030517,-0.016175545007037318
1.824912456228114,-0.016176374366187504
1.8254127063531764,-0.016172358778598937
1.825912956478239,-0.016163523610266597
1.8264132066033016,-0.016149895542940322
1.8269134567283642,-0.016131502559577886
1.8274137068534269,-0.016108373929481223
1.8279139569784892,-0.016080540193121856
1.8284142071035516,-0.016048033146661603
1.8289144572286142,-0.01601088582617471
1.8294147073536768,-0.01596913249157767
1.8299149574787394,-0.01592280861027291
1.830415207603802,-0.015871950840512725
1.8309154577288644,-0.015816597014489845
1.8314157078539268,-0.015756786121160996
1.8319159579789894,-0.015692558288809996
1.832416208104052,-0.015623954767356863
1.8329164582291146,-0.015551017910419499
1.8334167083541772,-0.015473791157134566
1.8339169584792396,-0.015392319013744183
1.834417208604302,-0.015306647034955125
1.8349174587293646,-0.01521682180507725
1.8354177088544272,-0.015122890918947873
1.8359179589794898,-0.01502490296264888
1.8364182091045522,-0.014922907494023408
1.8369184592296148,-0.014816955022998856
1.8374187093546772,-0.014707096991723156
1.8379189594797398,-0.014593385754521133
1.8384192096048024,-0.014475874557677867
1.838919459729865,-0.014354617519055961
1.8394197098549274,-0.014229669607553654
1.83991995997999,-0.014101086622410695
1.8404202101050524,-0.013968925172368975
1.840920460230115,-0.013833242654694834
1.8414207103551776,-0.013694097234070035
1.8419209604802402,-0.013551547821358357
1.8424212106053026,-0.013405654052254813
1.8429214607303652,-0.013256476265824428
1.8434217108554276,-0.01310407548293759
1.8439219609804902,-0.012948513384608912
1.8444222111055528,-0.01278985229024658
1.8449224612306154,-0.012628155135819146
1.8454227113556778,-0.012463485451946716
1.8459229614807404,-0.012295907341923437
1.8464232116058028,-0.012125485459678254
1.8469234617308654,-0.011952284987680778
1.847423711855928,-0.011776371614799198
1.8479239619809906,-0.011597811514117087
1.848424212106053,-0.011416671320715947
1.8489244622311154,-0.01123301810943031
1.849424712356178,-0.011046919372582177
1.8499249624812406,-0.010858442997701594
1.8504252126063032,-0.010667657245240056
1.8509254627313658,-0.01047463072628349
1.8514257128564282,-0.010279432380271462
1.8519259629814906,-0.010082131452729242
1.8524262131065532,-0.009882797473019338
1.8529264632316158,-0.009681500232119052
1.8534267133566784,-0.009478309760430603
1.853926963481741,-0.009273296305630247
1.8544272136068034,-0.009066530310562872
1.8549274637318658,-0.008858082391188434
1.8554277138569284,-0.008648023314586584
1.855927963981991,-0.008436423977025763
1.8564282141070536,-0.008223355382103042
1.8569284642321162,-0.008008888618960852
1.8574287143571786,-0.007793094840586767
1.857928964482241,-0.007576045242202403
1.8584292146073036,-0.007357811039747477
1.8589294647323662,-0.007138463448464968
1.8594297148574288,-0.006918073661593305
1.8599299649824912,-0.006696712829171399
1.8604302151075538,-0.006474452036962319
1.8609304652326162,-0.006251362285501326
1.8614307153576788,-0.006027514469273904
1.8619309654827414,-0.005802979356029381
1.862431215607804,-0.005577827566235646
1.8629314657328664,-0.0053521295526804125
1.863431715857929,-0.005125955580224405
1.8639319659829914,-0.00489937570571175
1.864432216108054,-0.004672459758042837
1.8649324662331166,-0.004445277318414753
1.8654327163581792,-0.004217897700734416
1.8659329664832416,-0.003990389932209372
1.8664332166083042,-0.0037628227341211973
1.8669334667333666,-0.0035352645027863444
1.8674337168584292,-0.0033077832907091854
1.8679339669834918,-0.00308044678793195
1.8684342171085544,-0.002853322303586143
1.8689344672336168,-0.002626476747649965
1.8694347173586794,-0.002399976612916167
1.8699349674837418,-0.002173887957174683
1.8704352176088044,-0.0019482763856143006
1.870935467733867,-0.0017232070334475516
1.8714357178589296,-0.0014987445487628969
1.871935967983992,-0.0012749530756082114
1.8724362181090544,-0.001051896237309477
1.872936468234117,-0.0008296371200284992
1.8734367183591796,-0.0006082382565633781
1.8739369684842422,-0.00038776161039537056
1.8744372186093048,-0.0001682685599856887
1.8749374687343672,5.018011667431468e-5
1.8754377188594296,0.000267524257256211
1.8759379689844922,0.00048370433002754745
1.8764382191095548,0.0006986614485217119
1.8769384692346174,0.0009123373859415352
1.87743871935968,0.0011246745892936462
1.8779389694847424,0.0013356161932506962
1.8784392196098048,0.0015451060337386584
1.8789394697348674,0.0017530886612465092
1.87943971985993,0.0019595093538556938
1.8799399699849926,0.0021643141299868716
1.8804402201100552,0.0023674497608615385
1.8809404702351176,0.0025688637826762235
1.88144072036018,0.002768504508487042
1.8819409704852426,0.0029663210398024986
1.8824412206103052,0.0031622632778825254
1.8829414707353678,0.003356281934741839
1.8834417208604304,0.003548328543855797
1.8839419709854928,0.0037383554705670364
1.8844422211105551,0.0039263159221912675
1.8849424712356178,0.004112163957820708
1.8854427213606804,0.004295854497823721
1.885942971485743,0.00447734333303934
1.8864432216108054,0.0046565871336654435
1.886943471735868,0.004833543457839447
1.8874437218609303,0.005008170759910486
1.887943971985993,0.005180428398402145
1.8884442221110556,0.0053502766436648985
1.8889444722361182,0.005517676685217515
1.8894447223611806,0.005682590638776786
1.8899449724862432,0.005844981552975031
1.8904452226113055,0.006004813415764914
1.8909454727363681,0.0061620511605112276
1.8914457228614308,0.006316660671769375
1.8919459729864934,0.006468608790750395
1.8924462231115557,0.006617863320472432
1.8929464732366184,0.006764393030598708
1.8934467233616807,0.00690816766196208
1.8939469734867433,0.007049157930776418
1.894447223611806,0.007187335532535091
1.8949474737368686,0.007322673145596951
1.895447723861931,0.007455144434460318
1.8959479739869936,0.007584724052725525
1.896448224112056,0.007711387645746698
1.8969484742371185,0.00783511185297353
1.8974487243621811,0.007955874309983877
1.8979489744872438,0.008073653650208141
1.8984492246123061,0.008188429506346438
1.8989494747373685,0.00830018251147965
1.8994497248624311,0.0084088942998756
1.8999499749874937,0.008514547507491558
1.9004502251125563,0.00861712577217452
1.900950475237619,0.008716613733560656
1.9014507253626813,0.008812997032675471
1.9019509754877437,0.008906262311236294
1.9024512256128063,0.008996397210658787
1.902951475737869,0.009083390370769252
1.9034517258629315,0.009167231428224572
1.9039519759879941,0.009247911014641744
1.9044522261130565,0.009325420754438991
1.904952476238119,0.009399753262390537
1.9054527263631815,0.009470902140897216
1.9059529764882441,0.009538861976975163
1.9064532266133067,0.009603628338964847
1.9069534767383693,0.009665197772962873
1.9074537268634317,0.009723567798978976
1.9079539769884941,0.009778736906820738
1.9084542271135567,0.009830704551708635
1.9089544772386193,0.00987947114962401
1.909454727363682,0.009925038072392787
1.9099549774887443,0.009967407642507635
1.910455227613807,0.010006583127691485
1.9109554777388693,0.010042568735205287
1.911455727863932,0.010075369605903
1.9119559779889945,0.010104991808036864
1.9124562281140571,0.010131442330816033
1.9129564782391195,0.010154729077721747
1.9134567283641821,0.01017486085958223
1.9139569784892445,0.010191847387410613
1.9144572286143071,0.010205699265009208
1.9149574787393697,0.010216427981343472
1.9154577288644323,0.010224045902689133
1.9159579789894947,0.010228566264555957
1.9164582291145573,0.010230003163391656
1.9169584792396197,0.010228371548069557
1.9174587293646823,0.010223687211163608
1.917958979489745,0.010215966780014449
1.9184592296148075,0.010205227707590218
1.91895947973987,0.01019148826314588
1.9194597298649325,0.010174767522684862
1.919959979989995,0.010155085359226835
1.9204602301150575,0.010132462432885538
1.9209604802401201,0.010106920180760542
1.9214607303651827,0.010078480806646913
1.921960980490245,0.010047167270566775
1.9224612306153075,0.010013003278126768
1.92296148074037,0.009976013269705474
1.9234617308654327,0.009936222409474902
1.9239619809904953,0.0098936565742601
1.924462231115558,0.009848342342241106
1.9249624812406203,0.009800306981501338
1.9254627313656827,0.009749578438426658
1.9259629814907453,0.00969618532595931
1.926463231615808,0.009640156911710962
1.9269634817408705,0.009581523105939151
1.9274637318659331,0.009520314449391361
1.9279639819909955,0.00945656210102105
1.9284642321160579,0.009390297825579963
1.9289644822411205,0.009321553981091026
1.929464732366183,0.009250363506206198
1.9299649824912457,0.009176759907453603
1.9304652326163083,0.00910077724637834
1.9309654827413707,0.009022450126581344
1.931465732866433,0.00894181368066067
1.9319659829914957,0.008858903557059601
1.9324662331165583,0.008773755906825999
1.932966483241621,0.008686407370287284
1.9334667333666833,0.008596895063645438
1.933966983491746,0.008505256565496479
1.9344672336168083,0.008411529903278786
1.9349674837418709,0.008315753539654712
1.9354677338669335,0.008217966358829862
1.935967983991996,0.008118207652814464
1.9364682341170585,0.00801651710763122
1.936968484242121,0.007912934789474038
1.9374687343671835,0.0078075011308220395
1.937968984492246,0.007700256916513196
1.9384692346173087,0.007591243269781997
1.9389694847423713,0.0074805016382654835
1.9394697348674337,0.0073680737799819915
1.9399699849924963,0.007254001749286951
1.9404702351175587,0.007138327882810053
1.9409704852426213,0.007021094785378085
1.9414707353676839,0.006902345315927708
1.9419709854927465,0.006782122573412469
1.9424712356178089,0.006660469882708255
1.9429714857428715,0.006537430780521456
1.9434717358679339,0.006413049001304011
1.9439719859929965,0.00628736846317953
1.944472236118059,0.006160433253884644
1.9449724862431217,0.006032287616729716
1.945472736368184,0.0059029759365830225
1.9459729864932465,0.005772542725882474
1.946473236618309,0.005641032610678921
1.9469734867433717,0.005508490316715083
1.9474737368684343,0.005374960655544067
1.9479739869934969,0.0052404885106914455
1.9484742371185593,0.005105118823864815
1.9489744872436217,0.004968896581214719
1.9494747373686843,0.004831866799650794
1.9499749874937469,0.0046940745132169675
1.9504752376188095,0.004555564759529481
1.950975487743872,0.004416382566281474
1.9514757378689345,0.0042765729378178635
1.9519759879939969,0.004136180841784152
1.9524762381190595,0.0039952511958528175
1.952976488244122,0.00385382885453086
1.9534767383691847,0.0037119585960520445
1.9539769884942473,0.0035696851093573487
1.9544772386193097,0.0034270529811670585
1.954977488744372,0.003284106683147942
1.9554777388694347,0.0031408905591788524
1.9559779889944973,0.002997448812718084
1.9564782391195599,0.002853825494275758
1.9569784892446225,0.002710064488994457
1.9574787393696849,0.0025662095043412947
1.9579789894947472,0.00242230405791453
1.9584792396198099,0.002278391465367824
1.9589794897448725,0.002134514828455157
1.959479739869935,0.0019907170231993755
1.9599799899949975,0.0018470406881873037
1.96048024012006,0.0017035282129942884
1.9609804902451224,0.0015602217267409906
1.961480740370185,0.0014171630867851931
1.9619809904952477,0.001274393867551334
1.9624812406203103,0.0011319553495004213
1.9629814907453726,0.0009898885082429297
1.9634817408704353,0.0008482340037972233
1.9639819909954976,0.0007070321699959949
1.9644822411205602,0.0005663230040431527
1.9649824912456229,0.00042614615622352866
1.9654827413706855,0.0002865409197677262
1.9659829914957478,0.0001475462208743663
1.9664832416208105,9.200608891933545e-6
1.9669834917458728,-0.0001284577533376368
1.9674837418709354,-0.00026539109897154723
1.967983991995998,-0.0004015620664928781
1.9684842421210607,-0.0005369337088695162
1.968984492246123,-0.0006714695025433672
1.9694847423711856,-0.0008051333562480088
1.969984992496248,-0.0009378896196530022
1.9704852426213106,-0.001069703091833137
1.9709854927463732,-0.0012005390295609522
1.9714857428714359,-0.0013303631554209298
1.9719859929964982,-0.0014591416657438235
1.9724862431215606,-0.0015868412383596474
1.9729864932466232,-0.0017134290401679035
1.9734867433716858,-0.0018388727345236998
1.9739869934967484,-0.0019631404884384632
1.974487243621811,-0.00208620097959402
1.9749874937468734,-0.0022080234031688715
1.9754877438719358,-0.0023285774784755696
1.9759879939969984,-0.0024478334554081274
1.976488244122061,-0.0025657621206985047
1.9769884942471236,-0.0026823348039812394
1.9774887443721862,-0.0027975233836653626
1.9779889944972486,-0.0029113002926128076
1.978489244622311,-0.0030236385236225762
1.9789894947473736,-0.0031345116347199892
1.9794897448724362,-0.003243893754250416
1.9799899949974988,-0.0033517595857769263
1.9804902451225614,-0.003458084412781376
1.9809904952476238,-0.0035628441031685127
1.9814907453726862,-0.0036660151135727214
1.9819909954977488,-0.0037675744934671123
1.9824912456228114,-0.003867499889074708
1.982991495747874,-0.003965769547081545
1.9834917458729364,-0.004062362318151566
1.983991995997999,-0.004157257660243237
1.9844922461230614,-0.004250435641727893
1.984992496248124,-0.004341876944309865
1.9854927463731866,-0.004431562865748492
1.9859929964982492,-0.004519475322382213
1.9864932466233116,-0.004605596851454953
1.9869934967483742,-0.004689910613245099
1.9874937468734366,-0.004772400392997415
1.9879939969984992,-0.004853050602658299
1.9884942471235618,-0.004931846282414844
1.9889944972486244,-0.005008773102038214
1.9894947473736868,-0.005083817362031931
1.9899949974987494,-0.00515696599458567
1.9904952476238118,-0.005228206564335273
1.9909954977488744,-0.005297527268929717
1.991495747873937,-0.0053649169394058074
1.9919959979989996,-0.005430365040371474
1.992496248124062,-0.005493861669998548
1.9929964982491246,-0.005555397559825987
1.993496748374187,-0.005614964074374539
1.9939969984992496,-0.0056725532105739085
1.9944972486243122,-0.0057281575970035345
1.9949974987493748,-0.0057817704929481245
1.9954977488744372,-0.0058333857872691665
1.9959979989994996,-0.0058829979970936655
1.9964982491245622,-0.005930602266321406
1.9969984992496248,-0.0059761943639521035
1.9974987493746874,-0.006019770682233836
1.99799899949975,-0.0060613282346341935
1.9984992496248124,-0.006100864653635657
1.9989994997498748,-0.006138378188356723
1.9994997498749374,-0.006173867702000372
2.0,-0.006207332669131485
